{
  "project_info": {
    "project_number": "855874658805",
    "project_id": "artguard-94a84",
    "storage_bucket": "artguard-94a84.firebasestorage.app"
  },
  "client": [
    {
      "client_info": {
        "mobilesdk_app_id": "1:855874658805:android:952c9b12891bdbc8ec00bc",
        "android_client_info": {
          "package_name": "com.example.artguardmobile"
        }
      },
      "oauth_client": [
        {
          "client_id": "855874658805-onc119qi6eds6jp0ob9fcl7aessb6u7t.apps.googleusercontent.com",
          "client_type": 1,
          "android_info": {
            "package_name": "com.example.artguardmobile",
            "certificate_hash": "bd3d88fa4b1f4463fd92045891eabaa4169641e7"
          }
        },
        {
          "client_id": "855874658805-k5mgio17vhdtefb1euks3feqpatj4jdr.apps.googleusercontent.com",
          "client_type": 3
        }
      ],
      "api_key": [
        {
          "current_key": "AIzaSyDRG1tUa_fBlC1x_WUbtafkg5taTDhka5w"
        }
      ],
      "services": {
        "appinvite_service": {
          "other_platform_oauth_client": [
            {
              "client_id": "855874658805-k5mgio17vhdtefb1euks3feqpatj4jdr.apps.googleusercontent.com",
              "client_type": 3
            }
          ]
        }
      }
    }
  ],
  "configuration_version": "1"
}