{
  "info": {
    "name": "ArtGuard API",
    "schema": "https://schema.getpostman.com/json/collection/v2.1.0/collection.json"
  },
  "item": [
    {
      "name": "Auth",
      "item": [
        {
          "name": "Register",
          "request": {
            "method": "POST",
            "header": [
              {
                "key": "Content-Type",
                "value": "application/json"
              }
            ],
            "url": {
              "raw": "{{base_url}}/register",
              "host": [
                "{{base_url}}"
              ],
              "path": [
                "register"
              ]
            },
            "body": {
              "mode": "raw",
              "raw": "{\n  \"name\": \"Admin\",\n  \"email\": \"admin@sys.ua\",\n  \"password\": \"123456\",\n  \"role\": \"admin\"\n}"
            }
          }
        },
        {
          "name": "Login",
          "request": {
            "method": "POST",
            "header": [
              {
                "key": "Content-Type",
                "value": "application/json"
              }
            ],
            "url": {
              "raw": "{{base_url}}/login",
              "host": [
                "{{base_url}}"
              ],
              "path": [
                "login"
              ]
            },
            "body": {
              "mode": "raw",
              "raw": "{\n  \"email\": \"admin@sys.ua\",\n  \"password\": \"123456\"\n}"
            }
          },
          "response": [],
          "event": [
            {
              "listen": "test",
              "script": {
                "exec": [
                  "let data = pm.response.json();",
                  "pm.environment.set(\"token\", data.token);"
                ],
                "type": "text/javascript"
              }
            }
          ]
        },
        {
          "name": "Me",
          "request": {
            "method": "GET",
            "header": [
              {
                "key": "Authorization",
                "value": "{{token}}"
              }
            ],
            "url": {
              "raw": "{{base_url}}/me",
              "host": [
                "{{base_url}}"
              ],
              "path": [
                "me"
              ]
            }
          }
        }
      ]
    }
  ]
}