{
  "version": 1,
  "author": "TorviN 85",
  "editor": "wokwi",
  "parts": [
    { "type": "board-esp32-devkit-c-v4", "id": "esp", "top": -211.2, "left": -81.56, "attrs": {} },
    { "type": "wokwi-dht22", "id": "dht1", "top": -162.9, "left": 100.2, "attrs": {} },
    { "type": "wokwi-mpu6050", "id": "imu1", "top": -53.78, "left": -266.48, "attrs": {} }
  ],
  "connections": [
    [ "esp:TX", "$serialMonitor:RX", "", [] ],
    [ "esp:RX", "$serialMonitor:TX", "", [] ],
    [ "esp:5V", "dht1:VCC", "red", [ "h0" ] ],
    [ "esp:GND.1", "dht1:GND", "black", [ "h0" ] ],
    [ "esp:4", "dht1:SDA", "green", [ "h0" ] ],
    [ "imu1:VCC", "esp:3V3", "red", [ "v0" ] ],
    [ "imu1:GND", "esp:GND.2", "black", [ "v0" ] ],
    [ "imu1:SDA", "esp:21", "green", [ "v0" ] ],
    [ "imu1:SCL", "esp:22", "green", [ "v0" ] ]
  ],
  "dependencies": {}
}